ap,precision_at_k,recall_at_k,k,n,config,test_week,n_features
0.5441266852099685,0.6352941176470588,0.5625,85,16859,xgb_11_tuned,8,11
0.6710427253837952,0.5365853658536586,0.6470588235294118,82,16231,xgb_11_tuned,9,11
0.38346858339652135,0.325,0.5416666666666666,80,15937,xgb_11_tuned,10,11
0.6759483676399813,0.8,0.5714285714285714,80,15967,xgb_11_tuned,11,11
0.6948051104106078,0.775,0.5486725663716814,80,15999,xgb_11_tuned,12,11
0.5279816150469808,0.5125,0.5189873417721519,80,15952,xgb_11_tuned,13,11
0.6944571712354486,0.775,0.5688073394495413,80,15972,xgb_11_tuned,14,11
0.8514285953388638,0.6875,0.8333333333333334,80,15914,xgb_11_tuned,15,11
0.6617690994210375,0.5125,0.7735849056603774,80,15895,xgb_11_tuned,16,11
0.6207425504455557,0.5555555555555556,0.6,81,16109,xgb_11_tuned,17,11
0.7397114755034648,0.525,0.7636363636363637,80,15931,xgb_11_tuned,18,11
0.4980217063242587,0.3924050632911392,0.49206349206349204,79,15766,xgb_11_tuned,19,11
0.7833869028898566,0.6631578947368421,0.7777777777777778,95,18984,xgb_11_tuned,20,11
0.5895924058911026,0.35,0.6829268292682927,160,31833,xgb_11_tuned,21,11
0.4354663130340566,0.375,0.5607476635514018,160,31822,xgb_11_tuned,22,11
0.5792883911618752,0.2625,0.6774193548387096,160,31849,xgb_11_tuned,23,11
0.861734693877551,0.04430379746835443,1.0,158,31436,xgb_11_tuned,24,11
